<?xml version="1.0" encoding="UTF-8"?>
<project-private xmlns="http://www.netbeans.org/ns/project-private/1">
    <editor-bookmarks xmlns="http://www.netbeans.org/ns/editor-bookmarks/2" lastBookmarkId="0"/>
    <open-files xmlns="http://www.netbeans.org/ns/projectui-open-files/2">
        <group>
            <file>file:/F:/Java%20Project%20Developement/CarReco_1/src/MainUI/MainUI.java</file>
            <file>file:/F:/Java%20Project%20Developement/CarReco_1/src/MainUI/FileGenerator.java</file>
            <file>file:/F:/Java%20Project%20Developement/CarReco_1/src/MainUI/populateCarModelsComboBox.java</file>
            <file>file:/F:/Java%20Project%20Developement/CarReco_1/src/MainUI/LoginPage.java</file>
        </group>
    </open-files>
</project-private>
